variable,count,mean,std,min,25%,50%,75%,max,original
dummy1,1000.0,0.0005814391845385689,0.011163827429524419,-0.0293598914736819,-0.007278504619292,0.0004657710004529,0.007998761604961876,0.0363741397326791,0.0092233591216484
dummy2,1000.0,-0.0005199543165083706,0.010319983927385023,-0.0359723451390348,-0.007067661837975201,-0.00040383296292210004,0.006299300651402676,0.0278000667271838,0.0088310939731499
x1,1000.0,-0.01170957186367211,2.9930259148676104,-8.417460440608135,-2.049399952844416,-0.1138170711707803,1.8739673062119957,28.20493663777077,28.20493663777077
x2,1000.0,-0.38268659820894835,7.976120228760921,-27.223239521273783,-5.570799064631535,-0.19601382849111698,4.6473473168246615,75.05127493798437,75.05127493798437
x3,1000.0,0.012651486551760632,1.9475031363680217,-5.479595155428893,-1.283083274517999,0.0061157976302874,1.1714151760968232,17.75569372533325,17.75569372533325
